param,var1,var2,cor,statistic,p,conf.low,conf.high,method,count
N_N,PC1,val,0.41,4.943543023606072,2.45e-6,0.24934932975071,0.5438542609947502,Pearson,125
SRP,PC1,val,0.43,5.029588281092695,1.91e-6,0.2673618093747859,0.5701673905711112,Pearson,113
chla,PC1,val,0.87,21.836448407061848,3.72e-49,0.8242450295071002,0.9025475282060715,Pearson,157
pn,PC1,val,0.88,22.435123363398592,3.64e-49,0.838144643172935,0.9121937313041671,Pearson,148
poc,PC1,val,0.89,23.316560384365882,4.44e-51,0.847996598690439,0.9177401093877311,Pearson,148
sss,PC1,val,-0.82,-18.665538359037672,1.0099999999999999e-42,-0.865693983058069,-0.7663356282693585,Pearson,169
sst,PC1,val,-0.69,-12.189900971740872,7.42e-25,-0.7585610685381184,-0.5970637737024399,Pearson,169
